,play_id,game_id,old_game_id_x,home_team,away_team,season_type,week,posteam,posteam_type,defteam,side_of_field,yardline_100,game_date,quarter_seconds_remaining,half_seconds_remaining,game_seconds_remaining,game_half,quarter_end,drive,sp,qtr,down,goal_to_go,time,yrdln,ydstogo,ydsnet,desc,play_type,yards_gained,shotgun,no_huddle,qb_dropback,qb_kneel,qb_spike,qb_scramble,pass_length,pass_location,air_yards,yards_after_catch,run_location,run_gap,field_goal_result,kick_distance,extra_point_result,two_point_conv_result,home_timeouts_remaining,away_timeouts_remaining,timeout,timeout_team,td_team,td_player_name,td_player_id,posteam_timeouts_remaining,defteam_timeouts_remaining,total_home_score,total_away_score,posteam_score,defteam_score,score_differential,posteam_score_post,defteam_score_post,score_differential_post,no_score_prob,opp_fg_prob,opp_safety_prob,opp_td_prob,fg_prob,safety_prob,td_prob,extra_point_prob,two_point_conversion_prob,ep,epa,total_home_epa,total_away_epa,total_home_rush_epa,total_away_rush_epa,total_home_pass_epa,total_away_pass_epa,air_epa,yac_epa,comp_air_epa,comp_yac_epa,total_home_comp_air_epa,total_away_comp_air_epa,total_home_comp_yac_epa,total_away_comp_yac_epa,total_home_raw_air_epa,total_away_raw_air_epa,total_home_raw_yac_epa,total_away_raw_yac_epa,wp,def_wp,home_wp,away_wp,wpa,vegas_wpa,vegas_home_wpa,home_wp_post,away_wp_post,vegas_wp,vegas_home_wp,total_home_rush_wpa,total_away_rush_wpa,total_home_pass_wpa,total_away_pass_wpa,air_wpa,yac_wpa,comp_air_wpa,comp_yac_wpa,total_home_comp_air_wpa,total_away_comp_air_wpa,total_home_comp_yac_wpa,total_away_comp_yac_wpa,total_home_raw_air_wpa,total_away_raw_air_wpa,total_home_raw_yac_wpa,total_away_raw_yac_wpa,punt_blocked,first_down_rush,first_down_pass,first_down_penalty,third_down_converted,third_down_failed,fourth_down_converted,fourth_down_failed,incomplete_pass,touchback,interception,punt_inside_twenty,punt_in_endzone,punt_out_of_bounds,punt_downed,punt_fair_catch,kickoff_inside_twenty,kickoff_in_endzone,kickoff_out_of_bounds,kickoff_downed,kickoff_fair_catch,fumble_forced,fumble_not_forced,fumble_out_of_bounds,solo_tackle,safety,penalty,tackled_for_loss,fumble_lost,own_kickoff_recovery,own_kickoff_recovery_td,qb_hit,rush_attempt,pass_attempt,sack,touchdown,pass_touchdown,rush_touchdown,return_touchdown,extra_point_attempt,two_point_attempt,field_goal_attempt,kickoff_attempt,punt_attempt,fumble,complete_pass,assist_tackle,lateral_reception,lateral_rush,lateral_return,lateral_recovery,passer_player_id,passer_player_name,passing_yards,receiver_player_id,receiver_player_name,receiving_yards,rusher_player_id,rusher_player_name,rushing_yards,lateral_receiver_player_id,lateral_receiver_player_name,lateral_receiving_yards,lateral_rusher_player_id,lateral_rusher_player_name,lateral_rushing_yards,lateral_sack_player_id,lateral_sack_player_name,interception_player_id,interception_player_name,lateral_interception_player_id,lateral_interception_player_name,punt_returner_player_id,punt_returner_player_name,lateral_punt_returner_player_id,lateral_punt_returner_player_name,kickoff_returner_player_name,kickoff_returner_player_id,lateral_kickoff_returner_player_id,lateral_kickoff_returner_player_name,punter_player_id,punter_player_name,kicker_player_name,kicker_player_id,own_kickoff_recovery_player_id,own_kickoff_recovery_player_name,blocked_player_id,blocked_player_name,tackle_for_loss_1_player_id,tackle_for_loss_1_player_name,tackle_for_loss_2_player_id,tackle_for_loss_2_player_name,qb_hit_1_player_id,qb_hit_1_player_name,qb_hit_2_player_id,qb_hit_2_player_name,forced_fumble_player_1_team,forced_fumble_player_1_player_id,forced_fumble_player_1_player_name,forced_fumble_player_2_team,forced_fumble_player_2_player_id,forced_fumble_player_2_player_name,solo_tackle_1_team,solo_tackle_2_team,solo_tackle_1_player_id,solo_tackle_2_player_id,solo_tackle_1_player_name,solo_tackle_2_player_name,assist_tackle_1_player_id,assist_tackle_1_player_name,assist_tackle_1_team,assist_tackle_2_player_id,assist_tackle_2_player_name,assist_tackle_2_team,assist_tackle_3_player_id,assist_tackle_3_player_name,assist_tackle_3_team,assist_tackle_4_player_id,assist_tackle_4_player_name,assist_tackle_4_team,tackle_with_assist,tackle_with_assist_1_player_id,tackle_with_assist_1_player_name,tackle_with_assist_1_team,tackle_with_assist_2_player_id,tackle_with_assist_2_player_name,tackle_with_assist_2_team,pass_defense_1_player_id,pass_defense_1_player_name,pass_defense_2_player_id,pass_defense_2_player_name,fumbled_1_team,fumbled_1_player_id,fumbled_1_player_name,fumbled_2_player_id,fumbled_2_player_name,fumbled_2_team,fumble_recovery_1_team,fumble_recovery_1_yards,fumble_recovery_1_player_id,fumble_recovery_1_player_name,fumble_recovery_2_team,fumble_recovery_2_yards,fumble_recovery_2_player_id,fumble_recovery_2_player_name,sack_player_id,sack_player_name,half_sack_1_player_id,half_sack_1_player_name,half_sack_2_player_id,half_sack_2_player_name,return_team,return_yards,penalty_team,penalty_player_id,penalty_player_name,penalty_yards,replay_or_challenge,replay_or_challenge_result,penalty_type,defensive_two_point_attempt,defensive_two_point_conv,defensive_extra_point_attempt,defensive_extra_point_conv,safety_player_name,safety_player_id,season,cp,cpoe,series,series_success,series_result,order_sequence,start_time,time_of_day,stadium,weather,nfl_api_id,play_clock,play_deleted,play_type_nfl,special_teams_play,st_play_type,end_clock_time,end_yard_line,fixed_drive,fixed_drive_result,drive_real_start_time,drive_play_count,drive_time_of_possession,drive_first_downs,drive_inside20,drive_ended_with_score,drive_quarter_start,drive_quarter_end,drive_yards_penalized,drive_start_transition,drive_end_transition,drive_game_clock_start,drive_game_clock_end,drive_start_yard_line,drive_end_yard_line,drive_play_id_started,drive_play_id_ended,away_score,home_score,location,result,total,spread_line,total_line,div_game,roof,surface,temp,wind,home_coach,away_coach,stadium_id,game_stadium,aborted_play,success,passer,passer_jersey_number,rusher,rusher_jersey_number,receiver,receiver_jersey_number,pass,rush,first_down,special,play,passer_id,rusher_id,receiver_id,name,jersey_number,id,fantasy_player_name,fantasy_player_id,fantasy,fantasy_id,out_of_bounds,home_opening_kickoff,qb_epa,xyac_epa,xyac_mean_yardage,xyac_median_yardage,xyac_success,xyac_fd,xpass,pass_oe,nflverse_game_id,old_game_id_y,possession_team,offense_formation,offense_personnel,defenders_in_box,defense_personnel,number_of_pass_rushers,players_on_play,offense_players,defense_players,n_offense,n_defense,ngs_air_yards,time_to_throw,was_pressure,route,defense_man_zone_type,defense_coverage_type,old_game_id
0,1.0,2022_01_BAL_NYJ,2022091107,NYJ,BAL,REG,1,,,,,,2022-09-11,900.0,1800.0,3600.0,Half1,0.0,,0.0,1.0,,0,15:00,BAL 35,0.0,,GAME,,,0.0,0.0,,0.0,0.0,0.0,,,,,,,,,,,3.0,3.0,,,,,,,,0.0,0.0,,,,,,,0.0,0.0,0.0,0.0,0.0,0.0,0.0,0.0,0.0,1.4740977,0.0,0.0,0.0,0.0,0.0,0.0,0.0,,,,,0.0,0.0,0.0,0.0,0.0,0.0,0.0,0.0,0.5462618,0.4537382,0.5462618,0.4537382,0.0,0.0,0.0,,,0.26443937,0.26443937,0.0,0.0,0.0,0.0,,,,,0.0,0.0,0.0,0.0,0.0,0.0,0.0,0.0,,,,,,,,,,0.0,,,,,,,,,,,,,,,,,,,,,,,,,,,,,,,,,,,,,,,,,,,,,,,,,,,,,,,,,,,,,,,,,,,,,,,,,,,,,,,,,,,,,,,,,,,,,,,,,,,,,,,,,,,,,,,,,,,,,,,,,,,,,,,,,,,,,,,,,,,,,,,,,,,,0.0,,,,,,,,,2022,,,1.0,1.0,First down,1.0,"9/11/22, 13:05:56",,MetLife Stadium,"Rain and mid 70s Temp: 73° F, Humidity: 79%, Wind: W 3 mph",7ae7de72-d24c-11ec-b23d-d15a91047884,0,0.0,GAME_START,0.0,,,,1.0,Punt,,,,,,,,,,,,,,,,,,24,9,Home,-15,33,-6.5,44.0,0,outdoors,fieldturf,,,Robert Saleh,John Harbaugh,NYC01,MetLife Stadium,0.0,0.0,,,,,,,0.0,0.0,,0.0,0.0,,,,,,,,,,,0.0,1.0,0.0,,,,,,,,2022_01_BAL_NYJ,2022091107,,,,,,,,,,0.0,0.0,,,,,,,
1,43.0,2022_01_BAL_NYJ,2022091107,NYJ,BAL,REG,1,NYJ,home,BAL,BAL,35.0,2022-09-11,900.0,1800.0,3600.0,Half1,0.0,1.0,0.0,1.0,,0,15:00,BAL 35,0.0,14.0,9-J.Tucker kicks 68 yards from BAL 35 to NYJ -3. 10-B.Berrios to NYJ 22 for 25 yards (51-J.Ross).,kickoff,0.0,0.0,0.0,0.0,0.0,0.0,0.0,,,,,,,,68.0,,,3.0,3.0,0.0,,,,,3.0,3.0,0.0,0.0,0.0,0.0,0.0,0.0,0.0,0.0,0.0046605235,0.14403701,0.0020718346,0.2260513,0.21260108,0.0038279337,0.40675035,0.0,0.0,1.4740977,-0.44352117,-0.44352117,0.44352117,0.0,0.0,0.0,0.0,,,0.0,0.0,0.0,0.0,0.0,0.0,0.0,0.0,0.0,0.0,0.5462618,0.4537382,0.5462618,0.4537382,0.0007072091,-0.0034760237,-0.0034760237,0.546969,0.453031,0.26443937,0.26443937,0.0,0.0,0.0,0.0,,,0.0,0.0,0.0,0.0,0.0,0.0,0.0,0.0,0.0,0.0,0.0,0.0,0.0,0.0,0.0,0.0,0.0,0.0,0.0,0.0,0.0,0.0,0.0,0.0,0.0,0.0,0.0,1.0,0.0,0.0,0.0,0.0,0.0,0.0,1.0,0.0,0.0,0.0,0.0,0.0,0.0,0.0,0.0,0.0,0.0,0.0,0.0,0.0,0.0,0.0,0.0,0.0,1.0,0.0,0.0,0.0,0.0,0.0,0.0,0.0,0.0,,,,,,,,,,,,,,,,,,,,,,,,,,B.Berrios,00-0034419,,,,,J.Tucker,00-0029597,,,,,,,,,,,,,,,,,,,BAL,,00-0037184,,J.Ross,,,,,,,,,,,,,,0.0,,,,,,,,,,,,,,,,,,,,,,,,,,,,,,,NYJ,25.0,,,,,0.0,,,0.0,0.0,0.0,0.0,,,2022,,,1.0,1.0,First down,43.0,"9/11/22, 13:05:56",2022-09-11T17:05:56.987Z,MetLife Stadium,"Rain and mid 70s Temp: 73° F, Humidity: 79%, Wind: W 3 mph",7ae7de72-d24c-11ec-b23d-d15a91047884,0,0.0,KICK_OFF,1.0,,2022-09-11T17:06:05.433Z,,1.0,Punt,2022-09-11T17:05:56.987Z,4.0,1:18,1.0,0.0,0.0,1.0,1.0,-10.0,KICKOFF,PUNT,15:00,13:42,NYJ 22,NYJ 36,43.0,172.0,24,9,Home,-15,33,-6.5,44.0,0,outdoors,fieldturf,,,Robert Saleh,John Harbaugh,NYC01,MetLife Stadium,0.0,0.0,,,,,,,0.0,0.0,0.0,1.0,0.0,,,,,,,,,,,0.0,1.0,-0.44352117,,,,,,,,2022_01_BAL_NYJ,2022091107,BAL,,,,,,47969;53059;42500;46279;53575;48364;46253;54606;39470;54862;54479;46255;45648;54833;52627;53047;47896;53560;54584;52506;54491;52476,00-0036157;00-0035202;00-0037984;00-0029597;00-0037184;00-0038038;00-0036199;00-0034975;00-0036630;00-0038119;00-0036280,00-0035537;00-0032134;00-0034419;00-0036500;00-0034730;00-0034163;00-0033770;00-0037155;00-0036145;00-0037663;00-0036329,11.0,11.0,,,,,,,
2,68.0,2022_01_BAL_NYJ,2022091107,NYJ,BAL,REG,1,NYJ,home,BAL,NYJ,78.0,2022-09-11,896.0,1796.0,3596.0,Half1,0.0,1.0,0.0,1.0,1.0,0,14:56,NYJ 22,10.0,14.0,(14:56) 32-Mi.Carter left end to NYJ 41 for 19 yards (32-M.Williams; 36-C.Clark).,run,19.0,0.0,0.0,0.0,0.0,0.0,0.0,,,,,left,end,,,,,3.0,3.0,0.0,,,,,3.0,3.0,0.0,0.0,0.0,0.0,0.0,0.0,0.0,0.0,0.0048142676,0.16087255,0.002206167,0.2490106,0.20060939,0.003711379,0.3787757,0.0,0.0,1.0305766,1.4688193,1.025298,-1.025298,1.4688193,-1.4688193,0.0,0.0,,,0.0,0.0,0.0,0.0,0.0,0.0,0.0,0.0,0.0,0.0,0.546969,0.453031,0.546969,0.453031,0.025604367,0.019140005,0.019140005,0.57257336,0.42742664,0.26096335,0.26096335,0.025604367,-0.025604367,0.0,0.0,,,0.0,0.0,0.0,0.0,0.0,0.0,0.0,0.0,0.0,0.0,0.0,1.0,0.0,0.0,0.0,0.0,0.0,0.0,0.0,0.0,0.0,0.0,0.0,0.0,0.0,0.0,0.0,0.0,0.0,0.0,0.0,0.0,0.0,0.0,0.0,0.0,0.0,0.0,0.0,0.0,0.0,0.0,1.0,0.0,0.0,0.0,0.0,0.0,0.0,0.0,0.0,0.0,0.0,0.0,0.0,0.0,1.0,0.0,0.0,0.0,0.0,,,,,,,00-0036924,Mi.Carter,19.0,,,,,,,,,,,,,,,,,,,,,,,,,,,,,,,,,,,,,,,,,,,,,,,,,00-0033894,M.Williams,BAL,00-0033294,C.Clark,BAL,,,,,,,0.0,,,,,,,,,,,,,,,,,,,,,,,,,,,,,,,,0.0,,,,,0.0,,,0.0,0.0,0.0,0.0,,,2022,,,1.0,1.0,First down,68.0,"9/11/22, 13:05:56",2022-09-11T17:06:37.827Z,MetLife Stadium,"Rain and mid 70s Temp: 73° F, Humidity: 79%, Wind: W 3 mph",7ae7de72-d24c-11ec-b23d-d15a91047884,0,0.0,RUSH,0.0,,2022-09-11T17:06:44.890Z,,1.0,Punt,2022-09-11T17:05:56.987Z,4.0,1:18,1.0,0.0,0.0,1.0,1.0,-10.0,KICKOFF,PUNT,15:00,13:42,NYJ 22,NYJ 36,43.0,172.0,24,9,Home,-15,33,-6.5,44.0,0,outdoors,fieldturf,,,Robert Saleh,John Harbaugh,NYC01,MetLife Stadium,0.0,1.0,,,Mi.Carter,32.0,,,0.0,1.0,1.0,0.0,1.0,,00-0036924,,Mi.Carter,32.0,00-0036924,Mi.Carter,00-0036924,Mi.Carter,00-0036924,0.0,1.0,1.4688193,,,,,,0.4403729,-44.037292,2022_01_BAL_NYJ,2022091107,NYJ,SINGLEBACK,"1 RB, 2 TE, 2 WR",7.0,"3 DL, 4 LB, 4 DB",,53536;43586;53443;42371;42500;44999;43433;33099;33131;43694;54576;46226;37778;52436;53460;44854;53047;53463;41240;52506;44828;52479,00-0036924;00-0032466;00-0036979;00-0032234;00-0032134;00-0033011;00-0026158;00-0038114;00-0034270;00-0036145;00-0036980,00-0033294;00-0026190;00-0032574;00-0028278;00-0036323;00-0036940;00-0033894;00-0031041;00-0036280;00-0033281;00-0036130,11.0,11.0,,,,,,,
3,89.0,2022_01_BAL_NYJ,2022091107,NYJ,BAL,REG,1,NYJ,home,BAL,NYJ,59.0,2022-09-11,869.0,1769.0,3569.0,Half1,0.0,1.0,0.0,1.0,1.0,0,14:29,NYJ 41,10.0,14.0,"(14:29) (No Huddle, Shotgun) 19-J.Flacco pass incomplete short left to 32-Mi.Carter.",pass,0.0,1.0,1.0,1.0,0.0,0.0,0.0,short,left,0.0,,,,,,,,3.0,3.0,0.0,,,,,3.0,3.0,0.0,0.0,0.0,0.0,0.0,0.0,0.0,0.0,0.0045063477,0.10958342,0.00161123,0.16798301,0.24558963,0.004920802,0.4658056,0.0,0.0,2.4993958,-0.49219242,0.5331056,-0.5331056,1.4688193,-1.4688193,-0.49219242,0.49219242,-0.49219242,0.0,0.0,0.0,0.0,0.0,0.0,0.0,-0.49219242,0.49219242,0.0,0.0,0.57257336,0.42742664,0.57257336,0.42742664,-0.018036783,-0.016769677,-0.016769677,0.5545366,0.44546342,0.28010336,0.28010336,0.025604367,-0.025604367,-0.018036783,0.018036783,0.0,-0.018036783,0.0,0.0,0.0,0.0,0.0,0.0,0.0,0.0,-0.018036783,0.018036783,0.0,0.0,0.0,0.0,0.0,0.0,0.0,0.0,1.0,0.0,0.0,0.0,0.0,0.0,0.0,0.0,0.0,0.0,0.0,0.0,0.0,0.0,0.0,0.0,0.0,0.0,0.0,0.0,0.0,0.0,0.0,0.0,0.0,1.0,0.0,0.0,0.0,0.0,0.0,0.0,0.0,0.0,0.0,0.0,0.0,0.0,0.0,0.0,0.0,0.0,0.0,00-0026158,J.Flacco,,00-0036924,Mi.Carter,,,,,,,,,,,,,,,,,,,,,,,,,,,,,,,,,,,,,,,,,,,,,,,,,,,,,,,,,,,,,,,,,0.0,,,,,,,,,,,,,,,,,,,,,,,,,,,,,,,,0.0,,,,,0.0,,,0.0,0.0,0.0,0.0,,,2022,0.7433985,-74.33985,2.0,0.0,Punt,89.0,"9/11/22, 13:05:56",2022-09-11T17:07:04.757Z,MetLife Stadium,"Rain and mid 70s Temp: 73° F, Humidity: 79%, Wind: W 3 mph",7ae7de72-d24c-11ec-b23d-d15a91047884,0,0.0,PASS,0.0,,2022-09-11T17:07:08.393Z,,1.0,Punt,2022-09-11T17:05:56.987Z,4.0,1:18,1.0,0.0,0.0,1.0,1.0,-10.0,KICKOFF,PUNT,15:00,13:42,NYJ 22,NYJ 36,43.0,172.0,24,9,Home,-15,33,-6.5,44.0,0,outdoors,fieldturf,,,Robert Saleh,John Harbaugh,NYC01,MetLife Stadium,0.0,0.0,J.Flacco,19.0,,,Mi.Carter,32.0,1.0,0.0,0.0,0.0,1.0,00-0026158,,00-0036924,J.Flacco,19.0,00-0026158,Mi.Carter,00-0036924,Mi.Carter,00-0036924,0.0,1.0,-0.49219242,0.7272613,6.9881253,6.0,0.60693,0.22759764,0.38990402,61.009598,2022_01_BAL_NYJ,2022091107,NYJ,SHOTGUN,"1 RB, 2 TE, 2 WR",6.0,"3 DL, 4 LB, 4 DB",4.0,53536;43586;42371;53443;42500;44999;43433;33099;33131;43694;54576;37778;46226;53460;52436;44854;53463;53047;41240;52506;44828;52479,00-0036924;00-0032466;00-0032234;00-0036979;00-0032134;00-0033011;00-0026158;00-0038114;00-0034270;00-0036980;00-0036145,00-0033294;00-0026190;00-0032574;00-0028278;00-0036940;00-0036323;00-0033894;00-0031041;00-0036280;00-0033281;00-0036130,11.0,11.0,0.56,3.07,1.0,ANGLE,ZONE_COVERAGE,COVER_2,
4,115.0,2022_01_BAL_NYJ,2022091107,NYJ,BAL,REG,1,NYJ,home,BAL,NYJ,59.0,2022-09-11,865.0,1765.0,3565.0,Half1,0.0,1.0,0.0,1.0,2.0,0,14:25,NYJ 41,10.0,14.0,(14:25) (No Huddle) 32-Mi.Carter left end to NYJ 46 for 5 yards (40-M.Harrison).,run,5.0,0.0,1.0,0.0,0.0,0.0,0.0,,,,,left,end,,,,,3.0,3.0,0.0,,,,,3.0,3.0,0.0,0.0,0.0,0.0,0.0,0.0,0.0,0.0,0.00473698,0.12564167,0.001760798,0.19449754,0.23430955,0.0054340307,0.43361944,0.0,0.0,2.0072033,-0.32593125,0.20717438,-0.20717438,1.142888,-1.142888,-0.49219242,0.49219242,,,0.0,0.0,0.0,0.0,0.0,0.0,-0.49219242,0.49219242,0.0,0.0,0.5545366,0.44546342,0.5545366,0.44546342,-0.014369309,-0.0053799152,-0.0053799152,0.5401673,0.45983273,0.26333368,0.26333368,0.011235058,-0.011235058,-0.018036783,0.018036783,,,0.0,0.0,0.0,0.0,0.0,0.0,0.0,0.0,-0.018036783,0.018036783,0.0,0.0,0.0,0.0,0.0,0.0,0.0,0.0,0.0,0.0,0.0,0.0,0.0,0.0,0.0,0.0,0.0,0.0,0.0,0.0,0.0,0.0,0.0,0.0,1.0,0.0,0.0,0.0,0.0,0.0,0.0,0.0,1.0,0.0,0.0,0.0,0.0,0.0,0.0,0.0,0.0,0.0,0.0,0.0,0.0,0.0,0.0,0.0,0.0,0.0,0.0,,,,,,,00-0036924,Mi.Carter,5.0,,,,,,,,,,,,,,,,,,,,,,,,,,,,,,,,,,,,,,,,,,,BAL,,00-0036280,,M.Harrison,,,,,,,,,,,,,,0.0,,,,,,,,,,,,,,,,,,,,,,,,,,,,,,,,0.0,,,,,0.0,,,0.0,0.0,0.0,0.0,,,2022,,,2.0,0.0,Punt,115.0,"9/11/22, 13:05:56",2022-09-11T17:07:28.477Z,MetLife Stadium,"Rain and mid 70s Temp: 73° F, Humidity: 79%, Wind: W 3 mph",7ae7de72-d24c-11ec-b23d-d15a91047884,0,0.0,RUSH,0.0,,2022-09-11T17:07:32.350Z,,1.0,Punt,2022-09-11T17:05:56.987Z,4.0,1:18,1.0,0.0,0.0,1.0,1.0,-10.0,KICKOFF,PUNT,15:00,13:42,NYJ 22,NYJ 36,43.0,172.0,24,9,Home,-15,33,-6.5,44.0,0,outdoors,fieldturf,,,Robert Saleh,John Harbaugh,NYC01,MetLife Stadium,0.0,0.0,,,Mi.Carter,32.0,,,0.0,1.0,0.0,0.0,1.0,,00-0036924,,Mi.Carter,32.0,00-0036924,Mi.Carter,00-0036924,Mi.Carter,00-0036924,0.0,1.0,-0.32593125,,,,,,0.44357494,-44.357494,2022_01_BAL_NYJ,2022091107,NYJ,SINGLEBACK,"1 RB, 2 TE, 2 WR",7.0,"3 DL, 4 LB, 4 DB",,53536;43586;53443;42371;42500;44999;43433;33099;33131;43694;54576;46226;37778;52436;53460;44854;53047;53463;41240;52506;44828;52479,00-0036924;00-0032466;00-0036979;00-0032234;00-0032134;00-0033011;00-0026158;00-0038114;00-0034270;00-0036145;00-0036980,00-0033294;00-0026190;00-0032574;00-0028278;00-0036323;00-0036940;00-0033894;00-0031041;00-0036280;00-0033281;00-0036130,11.0,11.0,,,,,,,
5,136.0,2022_01_BAL_NYJ,2022091107,NYJ,BAL,REG,1,NYJ,home,BAL,NYJ,54.0,2022-09-11,841.0,1741.0,3541.0,Half1,0.0,1.0,0.0,1.0,3.0,0,14:01,NYJ 46,5.0,14.0,"(14:01) (No Huddle, Shotgun) 19-J.Flacco pass incomplete short right [93-C.Campbell]. PENALTY on NYJ-19-J.Flacco, Intentional Grounding, 10 yards, enforced at NYJ 46.",pass,0.0,1.0,1.0,1.0,0.0,0.0,0.0,short,right,0.0,,,,,,,,3.0,3.0,0.0,,,,,3.0,3.0,0.0,0.0,0.0,0.0,0.0,0.0,0.0,0.0,0.0053850776,0.1428732,0.0016335957,0.21042098,0.21578087,0.0057161665,0.41819012,0.0,0.0,1.6812721,-2.4022002,-2.195026,2.195026,1.142888,-1.142888,-2.8943927,2.8943927,-1.6720777,-0.73012257,0.0,0.0,0.0,0.0,0.0,0.0,-2.1642702,2.1642702,-0.73012257,0.73012257,0.5401673,0.45983273,0.5401673,0.45983273,-0.05211404,-0.06986964,-0.06986964,0.48805323,0.5119468,0.25795376,0.25795376,0.011235058,-0.011235058,-0.07015082,0.07015082,0.0,-0.05211404,0.0,0.0,0.0,0.0,0.0,0.0,0.0,0.0,-0.07015082,0.07015082,0.0,0.0,0.0,0.0,0.0,1.0,0.0,0.0,1.0,0.0,0.0,0.0,0.0,0.0,0.0,0.0,0.0,0.0,0.0,0.0,0.0,0.0,0.0,0.0,0.0,0.0,1.0,0.0,0.0,0.0,0.0,1.0,0.0,1.0,0.0,0.0,0.0,0.0,0.0,0.0,0.0,0.0,0.0,0.0,0.0,0.0,0.0,0.0,0.0,0.0,0.0,00-0026158,J.Flacco,,,,,,,,,,,,,,,,,,,,,,,,,,,,,,,,,,,,,,,,00-0026190,C.Campbell,,,,,,,,,,,,,,,,,,,,,,,,,,,0.0,,,,,,,,,,,,,,,,,,,,,,,,,,,,,,,,0.0,NYJ,00-0026158,J.Flacco,10.0,0.0,,Intentional Grounding,0.0,0.0,0.0,0.0,,,2022,,,2.0,0.0,Punt,136.0,"9/11/22, 13:05:56",2022-09-11T17:07:51.300Z,MetLife Stadium,"Rain and mid 70s Temp: 73° F, Humidity: 79%, Wind: W 3 mph",7ae7de72-d24c-11ec-b23d-d15a91047884,0,0.0,PASS,0.0,,2022-09-11T17:07:55.760Z,,1.0,Punt,2022-09-11T17:05:56.987Z,4.0,1:18,1.0,0.0,0.0,1.0,1.0,-10.0,KICKOFF,PUNT,15:00,13:42,NYJ 22,NYJ 36,43.0,172.0,24,9,Home,-15,33,-6.5,44.0,0,outdoors,fieldturf,,,Robert Saleh,John Harbaugh,NYC01,MetLife Stadium,0.0,0.0,J.Flacco,19.0,,,,,1.0,0.0,0.0,0.0,1.0,00-0026158,,,J.Flacco,19.0,00-0026158,,,,,0.0,1.0,-2.4022002,,,,,,0.9632425,3.6757529,2022_01_BAL_NYJ,2022091107,NYJ,SHOTGUN,"1 RB, 2 TE, 2 WR",7.0,"3 DL, 4 LB, 4 DB",4.0,53536;43586;53443;42371;42500;44999;43433;33099;33131;43694;54576;46226;37778;52436;53460;44854;53047;53463;41240;52506;44828;52479,00-0036924;00-0032466;00-0036979;00-0032234;00-0032134;00-0033011;00-0026158;00-0038114;00-0034270;00-0036145;00-0036980,00-0033294;00-0026190;00-0032574;00-0028278;00-0036323;00-0036940;00-0033894;00-0031041;00-0036280;00-0033281;00-0036130,11.0,11.0,,4.772,1.0,,ZONE_COVERAGE,COVER_3,
6,172.0,2022_01_BAL_NYJ,2022091107,NYJ,BAL,REG,1,NYJ,home,BAL,NYJ,64.0,2022-09-11,833.0,1733.0,3533.0,Half1,0.0,1.0,0.0,1.0,4.0,0,13:53,NYJ 36,15.0,14.0,"(13:53) 7-B.Mann punts 45 yards to BAL 19, Center-42-T.Hennessy. 13-D.Duvernay pushed ob at BAL 28 for 9 yards (42-T.Hennessy).",punt,0.0,0.0,0.0,0.0,0.0,0.0,0.0,,,,,,,,45.0,,,3.0,3.0,0.0,,,,,3.0,3.0,0.0,0.0,0.0,0.0,0.0,0.0,0.0,0.0,0.0056488183,0.22277334,0.003722827,0.34656677,0.13473168,0.0058571417,0.28069937,0.0,0.0,-0.72092813,-0.23163208,-2.426658,2.426658,1.142888,-1.142888,-2.8943927,2.8943927,,,0.0,0.0,0.0,0.0,0.0,0.0,-2.1642702,2.1642702,-0.73012257,0.73012257,0.48805323,0.5119468,0.48805323,0.5119468,0.016126662,0.036384523,0.036384523,0.5041799,0.4958201,0.18808413,0.18808413,0.011235058,-0.011235058,-0.07015082,0.07015082,,,0.0,0.0,0.0,0.0,0.0,0.0,0.0,0.0,-0.07015082,0.07015082,0.0,0.0,0.0,0.0,0.0,0.0,0.0,0.0,0.0,0.0,0.0,0.0,0.0,0.0,0.0,0.0,0.0,0.0,0.0,0.0,0.0,0.0,0.0,0.0,1.0,0.0,0.0,0.0,0.0,0.0,0.0,0.0,0.0,0.0,0.0,0.0,0.0,0.0,0.0,0.0,0.0,0.0,0.0,1.0,0.0,0.0,0.0,0.0,0.0,0.0,0.0,,,,,,,,,,,,,,,,,,,,,,00-0036331,D.Duvernay,,,,,,,00-0036313,B.Mann,,,,,,,,,,,,,,,,,,,,,NYJ,,00-0033260,,T.Hennessy,,,,,,,,,,,,,,0.0,,,,,,,,,,,,,,,,,,,,,,,,,,,,,,,BAL,9.0,,,,,0.0,,,0.0,0.0,0.0,0.0,,,2022,,,2.0,0.0,Punt,172.0,"9/11/22, 13:05:56",2022-09-11T17:09:07Z,MetLife Stadium,"Rain and mid 70s Temp: 73° F, Humidity: 79%, Wind: W 3 mph",7ae7de72-d24c-11ec-b23d-d15a91047884,0,0.0,PUNT,1.0,,,,1.0,Punt,2022-09-11T17:05:56.987Z,4.0,1:18,1.0,0.0,0.0,1.0,1.0,-10.0,KICKOFF,PUNT,15:00,13:42,NYJ 22,NYJ 36,43.0,172.0,24,9,Home,-15,33,-6.5,44.0,0,outdoors,fieldturf,,,Robert Saleh,John Harbaugh,NYC01,MetLife Stadium,0.0,0.0,,,,,,,0.0,0.0,0.0,1.0,0.0,,,,,,,,,,,1.0,1.0,-0.23163208,,,,,,,,2022_01_BAL_NYJ,2022091107,NYJ,,,,,,53059;42500;53575;48364;46253;54606;54862;54479;46255;45648;48657;52627;52500;54582;52599;53047;54584;47896;45144;52476;53533;40095,00-0032134;00-0036500;00-0034730;00-0034163;00-0033770;00-0035510;00-0038107;00-0036313;00-0036145;00-0033260;00-0036329,00-0036157;00-0035202;00-0037984;00-0037184;00-0038038;00-0036199;00-0036331;00-0038119;00-0034975;00-0036987;00-0030387,11.0,11.0,,,,,,,
7,202.0,2022_01_BAL_NYJ,2022091107,NYJ,BAL,REG,1,BAL,away,NYJ,BAL,72.0,2022-09-11,822.0,1722.0,3522.0,Half1,0.0,2.0,0.0,1.0,1.0,0,13:42,BAL 28,10.0,21.0,(13:42) 8-L.Jackson pass short right to 7-R.Bateman pushed ob at BAL 32 for 4 yards (3-J.Whitehead).,pass,4.0,0.0,0.0,1.0,0.0,0.0,0.0,short,right,-4.0,8.0,,,,,,,3.0,3.0,0.0,,,,,3.0,3.0,0.0,0.0,0.0,0.0,0.0,0.0,0.0,0.0,0.0052708085,0.13644844,0.0023223239,0.26524565,0.22384024,0.003271733,0.3636008,0.0,0.0,0.9525602,0.07512748,-2.5017855,2.5017855,1.142888,-1.142888,-2.96952,2.96952,-1.3092006,1.3843281,-1.3092006,1.3843281,1.3092006,-1.3092006,-1.3843281,1.3843281,-0.8550695,0.8550695,-2.1144507,2.1144507,0.4958201,0.5041799,0.5041799,0.4958201,0.0007740855,0.008565903,-0.008565903,0.5034058,0.4965942,0.77553135,0.22446865,0.011235058,-0.011235058,-0.07092491,0.07092491,0.0,0.0007740855,0.0,0.0007740855,0.0,0.0,-0.0007740855,0.0007740855,0.0,0.0,-0.07092491,0.07092491,0.0,0.0,0.0,0.0,0.0,0.0,0.0,0.0,0.0,0.0,0.0,0.0,0.0,0.0,0.0,0.0,0.0,0.0,0.0,0.0,0.0,0.0,0.0,0.0,1.0,0.0,0.0,0.0,0.0,0.0,0.0,0.0,0.0,1.0,0.0,0.0,0.0,0.0,0.0,0.0,0.0,0.0,0.0,0.0,0.0,1.0,0.0,0.0,0.0,0.0,0.0,00-0034796,L.Jackson,4.0,00-0036550,R.Bateman,4.0,,,,,,,,,,,,,,,,,,,,,,,,,,,,,,,,,,,,,,,,,,,,,,NYJ,,00-0034374,,J.Whitehead,,,,,,,,,,,,,,0.0,,,,,,,,,,,,,,,,,,,,,,,,,,,,,,,,0.0,,,,,0.0,,,0.0,0.0,0.0,0.0,,,2022,0.8800523,11.994767,3.0,1.0,First down,202.0,"9/11/22, 13:05:56",2022-09-11T17:12:11.027Z,MetLife Stadium,"Rain and mid 70s Temp: 73° F, Humidity: 79%, Wind: W 3 mph",7ae7de72-d24c-11ec-b23d-d15a91047884,0,0.0,PASS,0.0,,2022-09-11T17:12:17.433Z,,2.0,Punt,2022-09-11T17:12:11.027Z,6.0,3:53,1.0,0.0,0.0,1.0,1.0,0.0,PUNT,PUNT,13:42,09:49,BAL 28,BAL 49,202.0,368.0,24,9,Home,-15,33,-6.5,44.0,0,outdoors,fieldturf,,,Robert Saleh,John Harbaugh,NYC01,MetLife Stadium,0.0,1.0,L.Jackson,8.0,,,R.Bateman,7.0,1.0,0.0,0.0,0.0,1.0,00-0034796,,00-0036550,L.Jackson,8.0,00-0034796,R.Bateman,00-0036550,R.Bateman,00-0036550,1.0,1.0,0.07512748,1.4800304,10.545964,9.0,0.60695887,0.24194908,0.47931787,52.068214,2022_01_BAL_NYJ,2022091107,BAL,SINGLEBACK,"2 RB, 1 TE, 2 WR",7.0,"4 DL, 3 LB, 4 DB",4.0,44929;43362;47906;42467;46211;43301;54469;47881;46186;47786;46155;41295;53456;45268;52500;46101;41270;54490;41243;46204;38557;41245,00-0033118;00-0034978;00-0034753;00-0031330;00-0036550;00-0033376;00-0036331;00-0034796;00-0037825;00-0029592;00-0031417,00-0033463;00-0032109;00-0034384;00-0032759;00-0037190;00-0035680;00-0034374;00-0035718;00-0031389;00-0031296;00-0034805,11.0,11.0,-3.39,3.37,0.0,CROSS,ZONE_COVERAGE,COVER_3,
8,230.0,2022_01_BAL_NYJ,2022091107,NYJ,BAL,REG,1,BAL,away,NYJ,BAL,68.0,2022-09-11,801.0,1701.0,3501.0,Half1,0.0,2.0,0.0,1.0,2.0,0,13:21,BAL 32,6.0,21.0,"(13:21) (No Huddle, Shotgun) 8-L.Jackson pass short left to 13-D.Duvernay to BAL 36 for 4 yards (57-C.Mosley).",pass,4.0,1.0,1.0,1.0,0.0,0.0,0.0,short,left,3.0,1.0,,,,,,,3.0,3.0,0.0,,,,,3.0,3.0,0.0,0.0,0.0,0.0,0.0,0.0,0.0,0.0,0.0054390063,0.14257614,0.00256331,0.2544518,0.2265786,0.0033536716,0.36503747,0.0,0.0,1.0276877,-0.105120294,-2.396665,2.396665,1.142888,-1.142888,-2.8644,2.8644,-0.46948448,0.3643642,-0.46948448,0.3643642,1.7786851,-1.7786851,-1.7486923,1.7486923,-0.38558507,0.38558507,-2.4788148,2.4788148,0.4965942,0.5034058,0.5034058,0.4965942,0.0021374822,0.0021998882,-0.0021998882,0.5012683,0.49873167,0.78409725,0.21590275,0.011235058,-0.011235058,-0.07306239,0.07306239,0.0,0.0021374822,0.0,0.0021374822,0.0,0.0,-0.0029115677,0.0029115677,0.0,0.0,-0.07306239,0.07306239,0.0,0.0,0.0,0.0,0.0,0.0,0.0,0.0,0.0,0.0,0.0,0.0,0.0,0.0,0.0,0.0,0.0,0.0,0.0,0.0,0.0,0.0,0.0,0.0,1.0,0.0,0.0,0.0,0.0,0.0,0.0,0.0,0.0,1.0,0.0,0.0,0.0,0.0,0.0,0.0,0.0,0.0,0.0,0.0,0.0,1.0,0.0,0.0,0.0,0.0,0.0,00-0034796,L.Jackson,4.0,00-0036331,D.Duvernay,4.0,,,,,,,,,,,,,,,,,,,,,,,,,,,,,,,,,,,,,,,,,,,,,,NYJ,,00-0031296,,C.Mosley,,,,,,,,,,,,,,0.0,,,,,,,,,,,,,,,,,,,,,,,,,,,,,,,,0.0,,,,,0.0,,,0.0,0.0,0.0,0.0,,,2022,0.761786,23.821402,3.0,1.0,First down,230.0,"9/11/22, 13:05:56",2022-09-11T17:12:35.220Z,MetLife Stadium,"Rain and mid 70s Temp: 73° F, Humidity: 79%, Wind: W 3 mph",7ae7de72-d24c-11ec-b23d-d15a91047884,0,0.0,PASS,0.0,,2022-09-11T17:12:38.357Z,,2.0,Punt,2022-09-11T17:12:11.027Z,6.0,3:53,1.0,0.0,0.0,1.0,1.0,0.0,PUNT,PUNT,13:42,09:49,BAL 28,BAL 49,202.0,368.0,24,9,Home,-15,33,-6.5,44.0,0,outdoors,fieldturf,,,Robert Saleh,John Harbaugh,NYC01,MetLife Stadium,0.0,0.0,L.Jackson,8.0,,,D.Duvernay,13.0,1.0,0.0,0.0,0.0,1.0,00-0034796,,00-0036331,L.Jackson,8.0,00-0034796,D.Duvernay,00-0036331,D.Duvernay,00-0036331,0.0,1.0,-0.105120294,0.9500967,4.795807,3.0,0.6524922,0.51437634,0.60805655,39.194344,2022_01_BAL_NYJ,2022091107,BAL,SHOTGUN,"2 RB, 1 TE, 2 WR",6.0,"4 DL, 3 LB, 4 DB",3.0,44929;43362;47906;46211;42467;43301;54469;47881;46186;47786;46155;41295;53456;45268;52500;46101;41270;54490;41243;46204;38557;41245,00-0033118;00-0034978;00-0034753;00-0031330;00-0036550;00-0033376;00-0036331;00-0034796;00-0037825;00-0029592;00-0031417,00-0033463;00-0034384;00-0032109;00-0032759;00-0037190;00-0035680;00-0034374;00-0035718;00-0031389;00-0031296;00-0034805,11.0,11.0,3.89,1.768,0.0,HITCH,ZONE_COVERAGE,COVER_4,
9,254.0,2022_01_BAL_NYJ,2022091107,NYJ,BAL,REG,1,BAL,away,NYJ,BAL,64.0,2022-09-11,761.0,1661.0,3461.0,Half1,0.0,2.0,0.0,1.0,3.0,0,12:41,BAL 36,2.0,21.0,"(12:41) (Shotgun) 8-L.Jackson right tackle to BAL 40 for 4 yards (57-C.Mosley, 3-J.Whitehead).",run,4.0,1.0,0.0,0.0,0.0,0.0,0.0,,,,,right,tackle,,,,,3.0,3.0,0.0,,,,,3.0,3.0,0.0,0.0,0.0,0.0,0.0,0.0,0.0,0.0,0.005510483,0.1469563,0.0024595708,0.26219627,0.21375783,0.00427624,0.36484334,0.0,0.0,0.9225674,0.89505523,-3.2917204,3.2917204,0.24783276,-0.24783276,-2.8644,2.8644,,,0.0,0.0,1.7786851,-1.7786851,-1.7486923,1.7486923,-0.38558507,0.38558507,-2.4788148,2.4788148,0.49873167,0.5012683,0.5012683,0.49873167,0.023702681,0.0055315495,-0.0055315495,0.47756565,0.52243435,0.78629714,0.21370286,-0.012467623,0.012467623,-0.07306239,0.07306239,,,0.0,0.0,0.0,0.0,-0.0029115677,0.0029115677,0.0,0.0,-0.07306239,0.07306239,0.0,1.0,0.0,0.0,1.0,0.0,0.0,0.0,0.0,0.0,0.0,0.0,0.0,0.0,0.0,0.0,0.0,0.0,0.0,0.0,0.0,0.0,0.0,0.0,0.0,0.0,0.0,0.0,0.0,0.0,0.0,0.0,1.0,0.0,0.0,0.0,0.0,0.0,0.0,0.0,0.0,0.0,0.0,0.0,0.0,0.0,1.0,0.0,0.0,0.0,0.0,,,,,,,00-0034796,L.Jackson,4.0,,,,,,,,,,,,,,,,,,,,,,,,,,,,,,,,,,,,,,,,,,,,,,,,,00-0034374,J.Whitehead,NYJ,,,,,,,,,,1.0,00-0031296,C.Mosley,NYJ,,,,,,,,,,,,,,,,,,,,,,,,,,,,,0.0,,,,,0.0,,,0.0,0.0,0.0,0.0,,,2022,,,3.0,1.0,First down,254.0,"9/11/22, 13:05:56",2022-09-11T17:13:14.657Z,MetLife Stadium,"Rain and mid 70s Temp: 73° F, Humidity: 79%, Wind: W 3 mph",7ae7de72-d24c-11ec-b23d-d15a91047884,0,0.0,RUSH,0.0,,2022-09-11T17:13:18.813Z,,2.0,Punt,2022-09-11T17:12:11.027Z,6.0,3:53,1.0,0.0,0.0,1.0,1.0,0.0,PUNT,PUNT,13:42,09:49,BAL 28,BAL 49,202.0,368.0,24,9,Home,-15,33,-6.5,44.0,0,outdoors,fieldturf,,,Robert Saleh,John Harbaugh,NYC01,MetLife Stadium,0.0,1.0,,,L.Jackson,8.0,,,0.0,1.0,1.0,0.0,1.0,,00-0034796,,L.Jackson,8.0,00-0034796,L.Jackson,00-0034796,L.Jackson,00-0034796,0.0,1.0,0.89505523,,,,,,0.798116,-79.8116,2022_01_BAL_NYJ,2022091107,BAL,EMPTY,"1 RB, 2 TE, 2 WR",5.0,"4 DL, 3 LB, 4 DB",,44929;47906;42467;46211;43301;54469;47881;46186;47786;46155;54604;41295;53456;45268;52500;46101;41270;54490;41243;46204;38557;41245,00-0034978;00-0034753;00-0037838;00-0031330;00-0036550;00-0033376;00-0036331;00-0034796;00-0037825;00-0029592;00-0031417,00-0033463;00-0032109;00-0034384;00-0032759;00-0037190;00-0035680;00-0034374;00-0035718;00-0031389;00-0031296;00-0034805,11.0,11.0,,,,,,,
